Pathway,Reaction ID,Reversed?,Reaction,Flux,90% Confidence Lower Bound,90% Confidence Upper Bound,,
Glucose Uptake,,,Gluc.ext + ATP -> G6P,100.00,100.00,100.00,,
Glycolysis,PGI,False,G6P <-> F6P,-1.61,-2.09,1.42,,
,,,F6P + ATP -> FBP,0.00,0.00,1.91,,
,FBA,False,FBP <-> DHAP + GAP,0.00,0.00,1.91,,
,TPI,False,DHAP <-> GAP,0.00,0.00,1.91,,
,,,GAP <-> 3PG + ATP + NADH,86.56,82.61,88.84,,
,,,3PG <-> PEP,78.52,71.65,81.26,,
,,,PEP <-> Pyr + ATP,19.02,-10.89,75.15,,
Pentose Phosphate Pathway,,,G6P <-> 6PG + NADPH,100.00,96.96,100.00,,
,,,6PG <-> Ru5P + CO2 + NADPH,6.62,2.07,10.92,,
,,,Ru5P <-> X5P,2.12,-0.89,4.37,,
,,,Ru5P <-> R5P,4.50,2.95,6.55,,
,,,X5P <-> TKC2 + GAP,2.12,-0.89,4.37,,
,,,F6P <-> TKC2 + E4P,-0.15,-1.11,1.36,,
,,,S7P <-> TKC2 + R5P,-1.97,-3.34,-0.46,,
,,,F6P <-> TAC3 + GAP,-1.97,-3.34,-0.46,,
,,,S7P <-> TAC3 + E4P,1.97,0.46,3.34,,
ED Pathway,EDA,False,6PG <-> KDPG,93.38,89.08,94.98,,
,EDD,False,KDPG <-> Pyr + GAP,93.38,89.08,94.98,,
TCA Cycle,PDH,False,Pyr <-> AcCoA + CO2 + NADH,135.41,116.26,196.60,,
,CS,False,OAC + AcCoA <-> Cit,69.04,58.52,82.65,,
,ACONT,False,Cit <-> ICit,69.04,58.52,82.65,,
,,,ICit <-> AKG + CO2 + NADPH,69.04,10.08,82.65,,
,AKGDH,False,AKG <-> SucCoA + CO2 + NADH,61.60,2.27,75.99,,
,SUCOAS,True,SucCoA <-> Suc + ATP,59.88,0.87,74.45,,
,,,Suc <-> Fum + FADH2,61.60,50.51,75.99,,
,FUM,False,Fum <-> Mal,63.27,22.17,77.49,,
,,,Mal <-> OAC + NADH,25.97,-50.27,78.90,,
Glyoxylate Shunt,ICL,False,ICit -> Glyox + Suc,0.00,0.00,60.46,,
,MALS,False,Glyox + AcCoA -> Mal,0.00,0.00,60.46,,
Anaplerotic Pathways,,,Pyr + CO2 + ATP -> OAC,0.00,0.00,45.19,,
,,,Mal -> Pyr + CO2 + NADH,37.31,0.00,125.96,,
,,,PEP + CO2 -> OAC,55.51,13.63,127.98,,
,,,OAC + ATP -> PEP + CO2,0.00,0.00,54.45,,
Acetate Formation,,,AcCoA <-> Ac + ATP,-1.89,-2.44,-1.69,,
Biomass Formation,,,AKG + NADPH + NH3 -> Glu,36.02,32.14,47.07,,
,,,Glu + ATP + NH3 -> Gln,4.27,3.83,5.52,,
,,,Glu + ATP + 2*NADPH -> Pro,1.06,0.95,1.36,,
,,,Glu + CO2 + Gln + Asp + AcCoA + 5*ATP + NADPH -> Arg + AKG + Fum + Ac,1.25,1.12,1.62,,
,,,OAC + Glu -> Asp + AKG,10.83,9.17,15.26,,
,,,Asp + 2*ATP + NH3 -> Asn,1.10,0.98,1.42,,
,,,Pyr + Glu -> Ala + AKG,3.70,3.31,4.78,,
,,,3PG + Glu -> Ser + AKG + NADH,4.95,4.13,6.97,,
,,,Ser <-> Gly + MEETHF,2.70,1.93,4.07,,
,,,Gly <-> CO2 + MEETHF + NADH + NH3,0.48,0.01,1.34,,
,,,Thr <-> Gly + AcCoA + NADH,0.64,-0.29,2.17,,
,,,Ser + AcCoA + 3*ATP + 4*NADPH + SO4 -> Cys + Ac,0.64,0.57,0.83,,
,,,Asp + Pyr + Glu + SucCoA + ATP + 2*NADPH -> LLDAP + AKG + Suc,1.30,1.16,1.68,,
,,,LLDAP -> Lys + CO2,1.30,1.16,1.68,,
,,,Asp + 2*ATP + 2*NADPH -> Thr,3.19,2.20,5.52,,
,,,Asp + METHF + Cys + SucCoA + ATP + 2*NADPH -> Met + Pyr + Suc + NH3,0.42,0.38,0.55,,
,,,Pyr + Pyr + Glu + NADPH -> Val + CO2 + AKG,2.01,1.80,2.60,,
,,,AcCoA + Pyr + Pyr + Glu + NADPH -> Leu + CO2 + CO2 + AKG + NADH,2.17,1.94,2.80,,
,,,Thr + Pyr + Glu + NADPH -> Ile + CO2 + AKG + NH3,1.11,1.00,1.44,,
,,,PEP + PEP + E4P + Glu + ATP + NADPH -> Phe + CO2 + AKG,0.99,0.89,1.28,,
,,,PEP + PEP + E4P + Glu + ATP + NADPH -> Tyr + CO2 + AKG + NADH,0.48,0.43,0.62,,
,,,Ser + R5P + PEP + E4P + PEP + Gln + 3*ATP + NADPH -> Trp + CO2 + GAP + Pyr + Glu,0.34,0.31,0.45,,
,,,R5P + FTHF + Gln + Asp + 5*ATP -> His + AKG + Fum + 2*NADH,0.42,0.38,0.55,,
1-Carbon metabolism,,,MEETHF + NADH -> METHF,0.42,0.38,0.55,,
,,,MEETHF -> FTHF + NADPH,0.42,0.38,0.55,,
Oxidative Phosphorylation,,,NADH + 0.5*O2 -> 2*ATP,334.67,138.58,403.86,,
,,,FADH2 + 0.5*O2 -> ATP,61.60,50.51,75.99,,
Transhydrogenation,,,NADH <-> NADPH,21.31,-12.18,134.28,,
Transport,,,ATP -> ATP.ext,527.47,0.00,737.68,,
,,,CO2 -> CO2.ext,264.28,165.71,299.18,,
,,,O2.ext -> O2,198.14,80.16,239.92,,
,,,NH3.ext -> NH3,39.38,35.29,50.94,,
,,,SO4.ext -> SO4,0.64,0.57,0.83,,
Biomass Equation,,,0.515*Ala + 0.174*Arg + 0.153*Asn + 0.439*Asp + 0.03*Cys + 0.314*Glu + 0.314*Gln + 0.399*Gly + 0.059*His + 0.155*Ile + 0.302*Leu + 0.181*Lys + 0.059*Met + 0.138*Phe + 0.147*Pro + 0.176*Ser + 0.201*Thr + 0.067*Tyr + 0.28*Val + 0.048*Trp + 9.035*AcCoA + 0.245*R5P + 0.325*MEETHF + 0.225*G6P + 0.071*F6P + 1.02*GAP + 0.43*3PG + 0.083*Pyr + 0.051*PEP + 0.087*AKG + 0.223*OAC + 33.25*ATP + 19.3*NADPH -> Biomass,7.18,6.43,9.28,,
,,,,,,,,
,,,,,,,,
Exchange Fluxes,,,G6P <-> F6P,17.5434,9.1484,100,,
,,,FBP <-> DHAP + GAP,3.74E+03,0,Inf,,
,,,DHAP <-> GAP,0.9289,0,Inf,,
,,,GAP <-> 3PG + ATP + NADH,1.00E-07,0,Inf,,
,,,3PG <-> PEP,1.00E-07,0,Inf,,
,,,PEP <-> Pyr + ATP,4.4284,0,11.4588,,
,,,G6P <-> 6PG + NADPH,1.01E-07,0,3.0359,,
,,,6PG <-> Ru5P + CO2 + NADPH,1.00E-07,0,7.9452,,
,,,Ru5P <-> X5P,9.58E+06,8.7244,Inf,,
,,,Ru5P <-> R5P,7.9481,4.0302,Inf,,
,,,X5P <-> TKC2 + GAP,9.58E+06,8.7322,Inf,,
,,,F6P <-> TKC2 + E4P,1.02E-05,0,1.6508,,
,,,S7P <-> TKC2 + R5P,7.94E+06,10.1924,Inf,,
,,,F6P <-> TAC3 + GAP,3.51E+06,9.8967,Inf,,
,,,S7P <-> TAC3 + E4P,7.95E+06,10.1924,Inf,,
,,,6PG <-> KDPG,1.00E+07,0,Inf,,
,,,KDPG <-> Pyr + GAP,1.00E+07,0,Inf,,
,,,Pyr <-> AcCoA + CO2 + NADH,140.1642,0,Inf,,
,,,OAC + AcCoA <-> Cit,6.77E+05,0,Inf,,
,,,Cit <-> ICit,6.77E+05,0,Inf,,
,,,ICit <-> AKG + CO2 + NADPH,43.0658,0,155.4663,,
,,,AKG <-> SucCoA + CO2 + NADH,2.37E+06,9.3957,Inf,,
,,,SucCoA <-> Suc + ATP,1.00E-07,0,Inf,,
,,,Suc <-> Fum + FADH2,1.00E-07,0,Inf,,
,,,Fum <-> Mal,1.00E+07,0,Inf,,
,,,Mal <-> OAC + NADH,149.7299,0,2.94E+03,,
,,,AcCoA <-> Ac + ATP,0.0635,0,Inf,,
,,,Ser <-> Gly + MEETHF,2.8305,0,2.25E+06,,
,,,Gly <-> CO2 + MEETHF + NADH + NH3,1.00E-07,0,0.7363,,
,,,Thr <-> Gly + AcCoA + NADH,1.00E-07,0,0.4679,,
,,,NADH <-> NADPH,1.00E-07,0,3.39E+06,,